<Ui xmlns="http://www.blizzard.com/wow/ui/" xmlns:xsi="http://www.w3.org/2001/XMLSchema-instance" xsi:schemaLocation="http://www.blizzard.com/wow/ui/
..\FrameXML\UI.xsd">
    <Script file="init.lua"/>
    <Script file="config.lua"/>
    <Script file="trufigcd.lua"/>
    <Script file="core.lua"/>
    <Script file="ThemeIntegration.lua"/>
    <Script file="icon_customization.lua"/>
    <Script file="advanced_filtering.lua"/>
    <Script file="categories.lua"/>
    <Script file="timeline_view.lua"/>
</Ui>