<Ui xmlns='http://www.blizzard.com/wow/ui/'>
  <Include file='LibStub\LibStub.lua'/>
  <Include file='CallbackHandler-1.0\CallbackHandler-1.0.xml'/>
  <Include file='AceAddon-3.0\AceAddon-3.0.xml'/>
  <Include file='AceComm-3.0\AceComm-3.0.xml'/>
  <Include file='AceConsole-3.0\AceConsole-3.0.xml'/>
  <Include file='AceDB-3.0\AceDB-3.0.xml'/>
  <Include file='AceDBOptions-3.0\AceDBOptions-3.0.xml'/>
  <Include file='AceEvent-3.0\AceEvent-3.0.xml'/>
  <Include file='AceHook-3.0\AceHook-3.0.xml'/>
  <Include file='AceSerializer-3.0\AceSerializer-3.0.xml'/>
  <Include file='AceTimer-3.0\AceTimer-3.0.xml'/>
  <Include file='LibDeflate\lib.xml' />
  <Include file='LibDBIcon-1.0\embeds.xml'/>
  <Include file='LibDBIcon-1.0\LibDBIcon-1.0\lib.xml'/>
  <Include file='LibDropDown\embed.xml'/>
  <Include file='LibEditMode\embed.xml'/>
  <Include file='LibEditModeOverride\LibEditModeOverride.xml'/>
  <Include file='LibSharedMedia-3.0\LibSharedMedia-3.0\lib.xml'/>
  <Include file='LibNPCInfo\lib.xml'/>
  <Include file='SUIConfig\SUIConfig.xml'/>
</Ui>