<Ui xmlns="http://www.blizzard.com/wow/ui/">
  <Frame name="AuctionatorConfigurationHeadingFrame" mixin="AuctionatorConfigurationHeadingMixin" virtual="true">
    <!--
      <KeyValues>
        <KeyValue key="headingText" value="" type="string" />
      </KeyValues>
    -->
    <Size y="30" />
    <Scripts>
      <OnLoad method="OnLoad"/>
    </Scripts>
    <Anchors>
      <Anchor point="TOPLEFT" relativeKey="$parent" relativePoint="TOPLEFT"/>
      <Anchor point="RIGHT" relativeKey="$parent" relativePoint="RIGHT"/>
    </Anchors>
    <Layers>
      <Layer level="ARTWORK">
        <FontString inherits="GameFontNormalMed2" justifyH="LEFT" parentKey="HeadingText">
          <Anchors>
            <Anchor point="TOPLEFT" x="20" y="-10" />
          </Anchors>
        </FontString>
      </Layer>
    </Layers>
  </Frame>
</Ui>