<Ui xmlns='http://www.blizzard.com/wow/ui/'>
  <Script file="_Errors.lua"/>
  <Script file="_Itemlevel.lua"/>
  <Script file="_BagIlvl.lua"/>
  <Script file="_Commands.lua"/>
  <Script file="_Fonts.lua"/>
  <Script file="_Talkhead.lua"/>
  <Script file="_Cinematic.lua"/>
  <Script file="_Delete.lua"/>
  <Script file="_Decline.lua"/>
  <Script file="_Release.lua"/>
  <Script file="_Repair.lua"/>
  <Script file="_Sell.lua"/>
  <Script file="_StackBuy.lua"/>
  <Script file="_Stats.lua"/>
  <Script file="_AfkCam.lua"/>
  <Script file="_AutoInvite.lua"/>
  <Script file="_Editmode.lua"/>
</Ui>