<Ui xmlns="http://www.blizzard.com/wow/ui/" xmlns:xsi="http://www.w3.org/2001/XMLSchema-instance" xsi:schemaLocation="http://www.blizzard.com/wow/ui/
..\FrameXML\UI.xsd">
    <!-- Base Plater implementation -->
    <Script file="core.lua"/>
    
    <!-- Plater components -->
    <Script file="health.lua"/>
    <Script file="castbar.lua"/>
    <Script file="aura.lua"/>
    <Script file="resources.lua"/>
    <Script file="text.lua"/>
    <Script file="indicators.lua"/>
    <Script file="modpanel.lua"/>
    
    <!-- Plater scripts -->
    <Script file="animations.lua"/>
    <Script file="effects.lua"/>
    <Script file="customizations.lua"/>
    
    <!-- Profile imports -->
    <Script file="whiiskeyz_import.lua"/>
    <Script file="maeraad_import.lua"/>
</Ui>