<Ui xmlns="http://www.blizzard.com/wow/ui/" xmlns:xsi="http://www.w3.org/2001/XMLSchema-instance" xsi:schemaLocation="http://www.blizzard.com/wow/ui/
..\FrameXML\UI.xsd">
    <!-- Core UI elements -->
    <Script file="actionbars.lua"/>
    <Script file="azeriteessence.lua"/>
    <Script file="azeriteui.lua"/>
    <Script file="bags.lua"/>
    <Script file="barbershop.lua"/>
    <Script file="bgmap.lua"/>
    <Script file="binding.lua"/>
    <Script file="channels.lua"/>
    <Script file="character.lua"/>
    <Script file="collections.lua"/>
    <Script file="communities.lua"/>
    <Script file="contribution.lua"/>
    <Script file="craft.lua"/>
    <Script file="debug.lua"/>
    <Script file="dressingroom.lua"/>
    <Script file="encounterjournal.lua"/>
    <Script file="friends.lua"/>
    <Script file="garrison.lua"/>
    <Script file="gossip.lua"/>
    <Script file="guild.lua"/>
    <Script file="guildbank.lua"/>
    <Script file="guildcontrol.lua"/>
    <Script file="guildregistrar.lua"/>
    <Script file="help.lua"/>
    <Script file="macro.lua"/>
    <Script file="mail.lua"/>
    <Script file="merchant.lua"/>
    <Script file="microbuttons.lua"/>
    <Script file="minimap.lua"/>
    <Script file="mirrorbar.lua"/>
    <Script file="objectivetracker.lua"/>
    <Script file="orderhalltabs.lua"/>
    <Script file="paperdoll.lua"/>
    <Script file="quest.lua"/>
    <Script file="raid.lua"/>
    <Script file="raidinfo.lua"/>
    <Script file="spellbook.lua"/>
    <Script file="tabard.lua"/>
    <Script file="talent.lua"/>
    <Script file="taxi.lua"/>
    <Script file="timemanager.lua"/>
    <Script file="tooltips.lua"/>
    <Script file="trade.lua"/>
    <Script file="tradeskill.lua"/>
    <Script file="trainer.lua"/>
    <Script file="worldmap.lua"/>
</Ui>