<Ui xmlns='http://www.blizzard.com/wow/ui/'>
  <Include file='actionbar.lua'/>
  <Include file='achievment.lua'/>
  <Include file='actionhouse.lua'/>
  <Include file='addonlist.lua'/>
  <Include file='alliedraces.lua'/>
  <Include file='archaeology.lua'/>
  <Include file='azerite.lua'/>
  <Include file='bags.lua'/>
  <Include file='bank.lua'/>
  <Include file='calendar.lua'/>
  <Include file='challenges.lua'/>
  <Include file='character.lua'/>
  <Include file='chat.lua'/>
  <Include file='classtrainer.lua'/>
  <Include file='collections.lua'/>
  <Include file='communities.lua'/>
  <Include file='dragonriding.lua'/>
  <Include file='dressup.lua'/>
  <Include file='encounterjournal.lua'/>
  <Include file='flightmap.lua'/>
  <Include file='frames.lua'/>
  <Include file='friendlist.lua'/>
  <Include file='garrison.lua'/>
  <Include file='gossip.lua'/>
  <Include file='guild.lua'/>
  <Include file='inspect.lua'/>
  <Include file='islands.lua'/>
  <Include file='item.lua'/>
  <Include file='lfg.lua'/>
  <Include file='loot.lua'/>
  <Include file='macro.lua'/>
  <Include file='mail.lua'/>
  <Include file='map.lua'/>
  <Include file='merchant.lua'/>
  <Include file='minimap.lua'/>
  <Include file='petition.lua'/>
  <Include file='professions.lua'/>
  <Include file='pvpui.lua'/>
  <Include file='quest.lua'/>
  <Include file='raidframe.lua'/>
  <Include file='scrappingmachine.lua'/>
  <Include file='settingspanel.lua'/>
  <Include file='spellbook.lua'/>
  <Include file='talents.lua'/>
  <Include file='timemanager.lua'/>
  <Include file='timer.lua'/>
  <Include file='tooltip.lua'/>
  <Include file='trade.lua'/>
  <Include file='tradeskill.lua'/>
  <Include file='unitframes.lua'/>
  <Include file='wardrobe.lua'/>
</Ui>