<Ui xmlns='http://www.blizzard.com/wow/ui/'>
  <Include file='_Actionbar.lua' />
  <Include file='_Achievment.lua' />
  <Include file='_Actionhouse.lua' />
  <Include file='_Addonlist.lua' />
  <Include file='_Alliedraces.lua' />
  <Include file='_Archaeology.lua' />
  <!--<Include
  file='_Arena.lua'/>-->
  <Include file='_Azerite.lua' />
  <Include file='_Bags.lua' />
  <Include file='_Bank.lua' />
  <Include file='_Calendar.lua' />
  <Include file='_Challenges.lua' />
  <Include file='_Character.lua' />
  <Include file='_Chat.lua' />
  <Include file='_Classtrainer.lua' />
  <Include file='_Collections.lua' />
  <Include file='_Communities.lua' />
  <Include file='_Dragonriding.lua' />
  <Include file='_Dressup.lua' />
  <Include file='_Encounterjournal.lua' />
  <Include file='_Flightmap.lua' />
  <Include file='_Frames.lua' />
  <Include file='_Friendlist.lua' />
  <Include file='_Garrison.lua' />
  <Include file='_Gossip.lua' />
  <Include file='_Guild.lua' />
  <Include file='_Inspect.lua' />
  <Include file='_Islands.lua' />
  <Include file='_Item.lua' />
  <Include file='_Lfg.lua' />
  <Include file='_Loot.lua' />
  <Include file='_Macro.lua' />
  <Include file='_Mail.lua' />
  <Include file='_Map.lua' />
  <Include file='_Merchant.lua' />
  <Include file='_Minimap.lua' />
  <Include file='_Petition.lua' />
  <Include file='_Professions.lua' />
  <Include file='_Pvpui.lua' />
  <Include file='_Quest.lua' />
  <Include file='_Raidframe.lua' />
  <Include file='_Scrappingmachine.lua' />
  <Include file='_Settingspanel.lua' />
  <Include file='_Spellbook.lua' />
  <Include file='_Talents.lua' />
  <Include file='_Timemanager.lua' />
  <Include file='_Timer.lua' />
  <Include file='_Tooltip.lua' />
  <Include file='_Trade.lua' />
  <Include file='_Tradeskill.lua' />
  <Include file='_Unitframes.lua' />
  <Include file='_Wardrobe.lua' />
</Ui>