<Ui xmlns="http://www.blizzard.com/wow/ui/" xmlns:xsi="http://www.w3.org/2001/XMLSchema-instance" xsi:schemaLocation="http://www.blizzard.com/wow/ui/
..\FrameXML\UI.xsd">
    <!-- Core files -->
    <Script file="init.lua"/>
    
    <!-- Theme Integration -->
    <Script file="ThemeIntegration.lua"/>
    
    <!-- Plater Implementation -->
    <Include file="plater\load.xml"/>
    
    <!-- Utilities -->
    <Script file="utils.lua"/>
    
    <!-- CVars management -->
    <Script file="cvars.lua"/>
    
    <!-- Aura management -->
    <Script file="auras.lua"/>
    
    <!-- Hooks -->
    <Script file="hooks.lua"/>
    
    <!-- Custom scripts -->
    <Script file="scripts.lua"/>
</Ui>