<Ui xmlns="http://www.blizzard.com/wow/ui/" xmlns:xsi="http://www.w3.org/2001/XMLSchema-instance" xsi:schemaLocation="http://www.blizzard.com/wow/ui/
..\FrameXML\UI.xsd">
    <Script file="ThemeIntegration.lua"/>
    <Script file="frame_pool.lua"/>
    <Script file="init.lua"/>
    <Script file="config.lua"/>
    <Script file="categories.lua"/>
    <Script file="special_effects.lua"/>
    <Script file="themes.lua"/>
    <Script file="sorting.lua"/>
    <Script file="buffoverlay.lua"/>
    <Script file="core.lua"/>
</Ui>