<Ui xmlns="http://www.blizzard.com/wow/ui/" xmlns:xsi="http://www.w3.org/2001/XMLSchema-instance" xsi:schemaLocation="http://www.blizzard.com/wow/ui/
..\FrameXML\UI.xsd">
	<!-- Party -->
	<Include file="Party\Templates.xml"/>
	<Include file="Party\StatusBar.xml"/>
	<Include file="Party\Highlights.xml"/>
	<Script file="Party\Core.lua"/>
	<Script file="Party\GroupInfo.lua"/>
	<Script file="Party\Bars.lua"/>
	<Script file="Party\Icons.lua"/>
	<Script file="Party\Position.lua"/>
	<Script file="Party\Visibility.lua"/>
	<Script file="Party\Highlights.lua"/>
	<Script file="Party\Cooldowns.lua"/>
	<Script file="Party\Test.lua"/>
	<Script file="Party\ExtraBars.lua"/>
	<Script file="Party\StatusBar.lua"/>
	<Script file="Party\Inspect.lua"/>
	<Script file="Party\Sync.lua"/>
	<Script file="Party\CD.lua"/>

	<!-- Blizzard -->
	<Script file="Blizzard\Blizzard.lua"/>
	<Script file="Blizzard\TooltipID.lua"/>
</Ui>
