<Ui xmlns="http://www.blizzard.com/wow/ui/" xmlns:xsi="http://www.w3.org/2001/XMLSchema-instance" xsi:schemaLocation="http://www.blizzard.com/wow/ui/
..\FrameXML\UI.xsd">
    <Script file="init.lua"/>
    <Script file="config.lua"/>
    <Script file="ThemeIntegration.lua"/>
    <Script file="groups.lua"/>
    <Script file="cooldowns.lua"/>
    <Script file="animations.lua"/>
    <Script file="priority_system.lua"/>
    <Script file="priority_config.lua"/>
    <Script file="party_frames.lua"/>
    <Script file="raid_layouts.lua"/>
    <Script file="core.lua"/>
</Ui>