<Ui xmlns="http://www.blizzard.com/wow/ui/" xmlns:xsi="http://www.w3.org/2001/XMLSchema-instance" xsi:schemaLocation="http://www.blizzard.com/wow/ui/
..\FrameXML\UI.xsd">
    <!-- Core initialization files -->
    <Script file="init.lua"/>
    <Script file="defaults.lua"/>
    <Script file="media.lua"/>
    <Script file="atlas.lua"/>
    
    <!-- Core utilities -->
    <Script file="utils.lua"/>
    <Script file="performance.lua"/>
    <Script file="combat_performance.lua"/>
    <Script file="event_optimization.lua"/>
    <Script file="resource_cleanup.lua"/>
    <Script file="database_optimization.lua"/>
    <Script file="spell_detection_optimization.lua"/>
    <Script file="dynamic_module_loading.lua"/>
    <Script file="module_manager.lua"/>
    
    <!-- UI Framework -->
    <Script file="UI.lua"/>
    <Script file="widgets.lua"/>
    
    <!-- Module API and templates -->
    <Script file="module_template.lua"/>
    <Script file="module_api.lua"/>
    <Script file="module_registry.lua"/>
    <Script file="module_dashboard.lua"/>
    <Script file="module_init_template.lua"/>
    <Script file="module_config_template.lua"/>
    <Script file="module_standardizer.lua"/>
    <Script file="module_icons.lua"/>
    
    <!-- Integrations and dashboard -->
    <Script file="integration.lua"/>
    <Script file="theme_integration.lua"/>
    <Script file="theme_helpers.lua"/>
    <Script file="theme_editor.lua"/>
    <Script file="theme_switching_optimization.lua"/>
    <Script file="font_integration.lua"/>
    <Script file="module_theme_integration.lua"/>
    <Script file="dashboard.lua"/>
    
    <!-- Core Features -->
    <Script file="chat.lua"/>
    <Script file="player.lua"/>
    
    <!-- Configuration -->
    <Script file="config.lua"/>
    <Script file="config_panel.lua"/>
    <Script file="config_ui.lua"/>
    <Script file="settings.lua"/>
    <Script file="database_config.lua"/>
    
    <!-- Skinning System -->
    <Script file="Skins.lua"/>
    <Script file="BlizzardFrames.lua"/>
</Ui>