<Ui xmlns="http://www.blizzard.com/wow/ui/" xmlns:xsi="http://www.w3.org/2001/XMLSchema-instance" xsi:schemaLocation="http://www.blizzard.com/wow/ui/
..\FrameXML\UI.xsd">
    <Script file="core.lua"/>
    <Include file="Localization\localization.xml"/>
    <Script file="MSBTProfiles.lua"/>
    <Script file="MSBTParser.lua"/>
    <Script file="MSBTMedia.lua"/>
    <Script file="MSBTAnimations.lua"/>
    <Script file="MSBTTriggers.lua"/>
    <Script file="MSBTCooldowns.lua"/>
    <Script file="MSBTLoot.lua"/>
    <Script file="MSBTMain.lua"/>
    <Script file="MSBTAnimationStyles.lua"/>
    <Script file="ThemeIntegration.lua"/>
    <Script file="MultiNotificationIntegration.lua"/>
    <Script file="init.lua"/>
</Ui>