<Ui xmlns="http://www.blizzard.com/wow/ui/" xmlns:xsi="http://www.w3.org/2001/XMLSchema-instance" xsi:schemaLocation="http://www.blizzard.com/wow/ui/
..\FrameXML\UI.xsd">
    <!-- Enhanced Bag Interface -->
    <Include file="bags\index.xml"/>
    
    <!-- Enhanced Character Panel (Paperdoll) -->
    <Include file="paperdoll\index.xml"/>
    
    <!-- Enhanced Action Bars -->
    <Include file="actionbars\index.xml"/>
    
    <!-- Enhanced Unit Frames -->
    <Include file="unitframes\index.xml"/>
    
    <!-- Enhanced Castbar with Animations -->
    <Include file="castbar\index.xml"/>
    
    <!-- Enhanced Tooltip -->
    <Include file="tooltip\index.xml"/>
    
    <!-- BuffOverlay Module -->
    <Include file="buffoverlay\index.xml"/>
    
    <!-- TrufiGCD Module -->
    <Include file="trufigcd\index.xml"/>
    
    <!-- MoveAny Module -->
    <Include file="moveany\index.xml"/>
    
    <!-- Auctionator Module -->
    <Include file="auctionator\index.xml"/>
    
    <!-- AngryKeystones Module -->
    <Include file="angrykeystone\index.xml"/>
    
    <!-- OmniCC Module -->
    <Include file="omnicc\index.xml"/>
    
    <!-- OmniCD Module -->
    <Include file="omnicd\index.xml"/>
    
    <!-- idTip Module -->
    <Include file="idtip\index.xml"/>
    
    <!-- Premade Group Finder Module -->
    <Include file="premadegroupfinder\index.xml"/>
    
    <!-- Info Frame Module -->
    <Include file="infoframe\index.xml"/>
    
    <!-- Automation Module -->
    <Include file="automation\index.xml"/>
    
    <!-- Visual Config Module -->
    <Include file="visualconfig\index.xml"/>
    
    <!-- Profiles Module -->
    <Include file="profiles\index.xml"/>
    
    <!-- Skins Module -->
    <Include file="skins\index.xml"/>
    
    <!-- DetailsSkin Module -->
    <Include file="detailsskin\index.xml"/>
    
    <!-- MSBT (MikScrollingBattleText) Module -->
    <Include file="msbt\index.xml"/>
    
    <!-- Tools Module -->
    <Include file="tools\index.xml"/>
    
    <!-- Nameplates Module -->
    <Include file="nameplates\index.xml"/>
    
    <!-- Enhanced Player Frame Module -->
    <Include file="epf\index.xml"/>
    
    <!-- Multi-Notification Module (Unified Notification System) -->
    <Include file="multinotification\load.xml"/>
    
    <!-- Help System Module -->
    <Include file="help\index.xml"/>
</Ui>