<Ui xmlns="http://www.blizzard.com/wow/ui/">
  <Frame
    name="AuctionatorSplashScreenTemplate"
    virtual="true"
    inherits="AuctionatorSimplePanelTemplate"
    mixin="AuctionatorSplashScreenMixin"
    frameStrata="DIALOG"
    hidden="true"
  >
    <Scripts>
      <OnLoad method="OnLoad"/>
      <OnShow method="OnShow"/>
    </Scripts>

    <Size x="600" y="600" />

    <Anchors>
      <Anchor point="CENTER" />
    </Anchors>

    <Frames>
      <Frame parentKey="Inset" inherits="AuctionatorInsetTemplate">
        <Anchors>
          <Anchor point="TOPLEFT" x="4" y="-26"/>
          <Anchor point="BOTTOMRIGHT" x="-6" y="26"/>
        </Anchors>
      </Frame>
      <!-- Frame Close Button -->
      <Button parentKey="Close" inherits="UIPanelCloseButton">
        <Anchors>
          <Anchor point="TOPRIGHT" relativePoint="TOPRIGHT" x="2" y="1"/>
        </Anchors>
      </Button>

      <EventFrame parentKey="ScrollBar" inherits="WowTrimScrollBar">
        <Anchors>
          <Anchor point="TOPRIGHT" relativeKey="$parent.Inset"/>
          <Anchor point="BOTTOMRIGHT" relativeKey="$parent.Inset"/>
        </Anchors>
      </EventFrame>

      <Frame inherits="WowScrollBox" parentKey="ScrollBox">
        <Anchors>
          <Anchor point="TOPLEFT" relativeKey="$parent.Inset" relativePoint="TOPLEFT"/>
          <Anchor point="BOTTOMRIGHT" relativeKey="$parent.ScrollBar" relativePoint="BOTTOMLEFT"/>
        </Anchors>
        <Frames>
          <Frame parentKey="Content" inherits="ResizeLayoutFrame">
            <KeyValues>
              <KeyValue key="scrollable" value="true" type="boolean" />
            </KeyValues>
            <Anchors>
              <Anchor point="TOP"/>
            </Anchors>
          </Frame>
        </Frames>
      </Frame>

      <Frame inherits="AuctionatorConfigurationCheckbox" parentKey="HideCheckbox">
        <KeyValues>
          <KeyValue key="labelText" value="AUCTIONATOR_L_SPLASH_HIDE_MESSAGE" type="global"/>
        </KeyValues>
        <Anchors>
          <Anchor point="TOPLEFT" relativeKey="$parent.Inset" relativePoint="BOTTOMLEFT" x="-20" y="2"/>
        </Anchors>
      </Frame>
    </Frames>

    <Layers>
      <Layer>
        <FontString text="AUCTIONATOR_L_SPLASH_SCREEN_HEADER" inherits="GameFontHighlight">
          <Anchors>
            <Anchor point="TOP" relativePoint="TOP" y="-10" />
          </Anchors>
        </FontString>
      </Layer>
    </Layers>
  </Frame>
</Ui>
