<Ui xmlns="http://www.blizzard.com/wow/ui/" xmlns:xsi="http://www.w3.org/2001/XMLSchema-instance" xsi:schemaLocation="http://www.blizzard.com/wow/ui/ ..\FrameXML\UI.xsd">
    <!-- https://github.com/DeadlyBossMods/DeadlyBossMods/commit/1d9516304e4b18bf211306cd56dbe318fc9871fa -->
    <!-- https://github.com/Stanzilla/WoWUIBugs/issues/645 -->
    <Slider name="TrufiGCD_UISliderTemplateWithLabels" inherits="UISliderTemplate" virtual="true">
        <Layers>
            <Layer level="ARTWORK">
                <FontString name="$parentText" parentKey="Text" inherits="GameFontHighlight">
                    <Anchors>
                        <Anchor point="BOTTOM" relativePoint="TOP" />
                    </Anchors>
                </FontString>
                <FontString name="$parentLow" parentKey="Low" inherits="GameFontHighlightSmall" text="LOW">
                    <Anchors>
                        <Anchor point="TOPLEFT" relativePoint="BOTTOMLEFT" x="-4" y="3" />
                    </Anchors>
                </FontString>
                <FontString name="$parentHigh" parentKey="High" inherits="GameFontHighlightSmall" text="HIGH">
                    <Anchors>
                        <Anchor point="TOPRIGHT" relativePoint="BOTTOMRIGHT" x="4" y="3" />
                    </Anchors>
                </FontString>
            </Layer>
        </Layers>
    </Slider>
    <Slider name="TrufiGCD_OptionsSliderTemplate" inherits="TrufiGCD_UISliderTemplateWithLabels" virtual="true">
        <Size x="144" y="17" />
    </Slider>
</Ui>
