<Ui xmlns="http://www.blizzard.com/wow/ui/" xmlns:xsi="http://www.w3.org/2001/XMLSchema-instance" xsi:schemaLocation="http://www.blizzard.com/wow/ui/
..\FrameXML\UI.xsd">
	<!-- Elements are required to be buttons for now -->
	<Button name="AuctionatorRetailImportTemplatedListElementTemplate" mixin="AuctionatorRetailImportTemplatedListElementMixin" virtual="true">
		<Scripts>
			<OnClick method="OnClick"/>
			<OnEnter method="OnEnter"/>
			<OnLeave method="OnLeave"/>
		</Scripts>
	</Button>


	<Frame name="AuctionatorRetailImportTemplatedListTemplate" mixin="AuctionatorRetailImportTemplatedListMixin" virtual="true">
		<Frames>
			<Frame parentKey="ArtOverlay" setAllPoints="true" frameStrata="HIGH" clipChildren="true">
				<Layers>
					<Layer level="OVERLAY">
						<Texture parentKey="SelectedHighlight" hidden="true">
							<Color r="1" g="0.8" b="0.2" a="0.2"/>
						</Texture>
					</Layer>
				</Layers>
			</Frame>
		</Frames>
		<Scripts>
			<OnShow method="OnShow"/>
		</Scripts>
	</Frame>
</Ui>
