<Ui>
  <Frame name="AuctionatorSellingViewGroupTemplate" mixin="AuctionatorGroupsViewGroupMixin" virtual="true">
    <KeyValues>
      <!--<KeyValue key="rowWidth" value="6" type="number" />-->
      <KeyValue key="collapsable" value="true" type="boolean" />
      <KeyValue key="insetLeft" value="2" type="number" />
      <KeyValue key="groupTitleHeight" value="22" type="number" />
      <KeyValue key="paddingBottom" value="0" type="number" />
    </KeyValues>
    <Size y="20"/>
    <Frames>
      <Button parentKey="GroupTitle" inherits="AuctionClassButtonTemplate">
        <Anchors>
          <Anchor point="RIGHT" />
        </Anchors>

        <Scripts>>
          <OnLoad>
            self:GetFontString():SetPoint("LEFT", 12, 0)
          </OnLoad>
          <OnClick>self:GetParent():ToggleOpen()</OnClick>
        </Scripts>
      </Button>
    </Frames>
  </Frame>
</Ui>
