<Ui xmlns="http://www.blizzard.com/wow/ui/">
    <Include file="Libs\TaintLess\TaintLess.xml"/>
    <Script file="Libs\LibStub\LibStub.lua" />
    <Include file="Libs\CallbackHandler-1.0\CallbackHandler-1.0.xml" />
    <Include file="Libs\AceAddon-3.0\AceAddon-3.0.xml" />
    <Include file="Libs\AceDB-3.0\AceDB-3.0.xml" />
    <Include file="Libs\AceDBOptions-3.0\AceDBOptions-3.0.xml" />
    <Include file="Libs\AceConsole-3.0\AceConsole-3.0.xml" />
    <Include file="Libs\AceGUI-3.0\AceGUI-3.0.xml" />
    <Include file="Libs\AceConfig-3.0\AceConfig-3.0.xml" />
    <Include file="Libs\LibDialog-1.0\lib.xml" />
    <Include file="Libs\LibCustomGlow-1.0\LibCustomGlow-1.0.xml" />
    <Script file="Libs\LibDataBroker-1.1\LibDataBroker-1.1.lua" />
    <Script file="Libs\LibDBIcon-1.0\LibDBIcon-1.0\LibDBIcon-1.0.lua" />
</Ui>
